company,source,company_slug,n_roles,roles,job_urls,subject,body
Ramp,ashby,ramp,1,AML Operations Analyst,https://jobs.ashbyhq.com/ramp/16fb536d-fe10-4ea7-8956-d6d0cbddd6f5,Vetted data analysts for your AML Operations Analyst opening,"Hi Ramp team,

I saw you're hiring for AML Operations Analyst. Rather than sorting through
hundreds of cold applications, I can send you 2-3 candidates who are
trained, vetted, and ready to interview.

I run Data in Motion (https://datainmotion.co), a data analytics training community.
Our graduates are job-ready in SQL, Excel, Tableau/Power BI, and Python,
and I personally vouch for the people I refer.

The roles I'm referring to:
  - AML Operations Analyst (New York, NY (HQ)) — https://jobs.ashbyhq.com/ramp/16fb536d-fe10-4ea7-8956-d6d0cbddd6f5

Would you be open to a quick chat?

Best,
YOUR NAME
Data in Motion | https://datainmotion.co
"
Stripe,greenhouse,stripe,1,Data Analyst,https://stripe.com/jobs/search?gh_jid=7794729,Vetted data analysts for your Data Analyst opening,"Hi Stripe team,

I saw you're hiring for Data Analyst. Rather than sorting through
hundreds of cold applications, I can send you 2-3 candidates who are
trained, vetted, and ready to interview.

I run Data in Motion (https://datainmotion.co), a data analytics training community.
Our graduates are job-ready in SQL, Excel, Tableau/Power BI, and Python,
and I personally vouch for the people I refer.

The roles I'm referring to:
  - Data Analyst (Bengaluru) — https://stripe.com/jobs/search?gh_jid=7794729

Would you be open to a quick chat?

Best,
YOUR NAME
Data in Motion | https://datainmotion.co
"
